 {"武汉":[114.29981499966,30.59517399968], "孝感":[113.9109620001,30.92730999986], "深圳":[114.05285700015,22.54567600025], "揭阳":[116.36800399979,23.55211900039], "株洲":[113.1281169996,27.83079899967], "东莞":[113.74641100027,23.02271799994], "郴州":[113.00915300031,25.77358000002], "佛山":[113.11642800015,23.02439499993], "邵阳":[111.46211999994,27.24213100005], "怀化":[109.99317399968,27.55986699986], "潜江":[112.89374599958,30.40491999986], "阳江":[111.9774930001,21.86103200023], "汕头":[116.67774999986,23.35616200018], "台州":[121.41632000017,28.65909799997], "珠海":[113.57163099997,22.27373599982], "汕尾":[115.37031999977,22.78846099978], "宁波":[121.54610300015,29.876429], "荆门":[112.1936100001,31.03765800022], "鄂州":[114.88990400007,30.39353900022], "嘉兴":[120.75118999982,30.74828299976], "宜昌":[111.28076599955,30.69430299978], "随州":[113.37623699964,31.69212900005], "地区待确认":[84.553648,44.1237], "滁州":[118.31143300043,32.30382200029], "宜春":[114.4108189997,27.81797600009], "铜陵":[117.81318,30.925247], "宿州":[116.9585460004,33.64772000038], "宣城":[118.75352900016,30.94299099993], "九江":[115.99637999974,29.70802999988], "池州":[117.48593199966,30.66703400042], "抚州":[116.35294799975,27.95243399983], "南昌":[115.85324099987,28.68580100022], "娄底":[111.98908000024,27.70060599967], "安庆":[117.05181400002,30.52717499983], "云阳县":[108.69256500028,30.93307200027], "城口县":[108.65994499966,31.94994200012], "南岸区":[106.55991099959,29.52523200036], "九龙坡区":[106.5072090001,29.50506000002], "万州区":[108.40412000044,30.81014399985], "赣州":[114.93003199978,25.83427500029], "永川区":[105.92359799985,29.3589859997], "巫山县":[109.87404299989,31.07705699958], "涪陵区":[107.38518899997,29.70562899978], "张家界":[110.47418699993,29.1191290003], "潼南区":[105.83667100037,30.19336099961], "綦江区":[106.64758300016,29.03119100006], "铜梁区":[106.05247700041,29.84727299995], "湘潭":[112.93869000014,27.83320500001], "阜阳":[115.80872500016,32.89192399989], "奉节县":[109.45904199959,31.02064099968], "恩施州":[109.257728,31.30354], "璧山区":[106.22351299983,29.59466699988], "景德镇":[117.17306000022,29.27132299956], "新余":[114.91228499975,27.8212219996], "开州区":[108.38848899997,31.16303400022], "江津区":[106.25559499991,29.2929860003], "鹰潭":[117.06391799972,28.26332200041], "徐州":[117.28001899988,34.20568899985], "南通":[120.89006900018,31.98294500041], "垫江县":[107.32831499964,30.33014799973], "常州":[119.96928899969,31.81203699971], "盐城":[120.15667200021,33.35093700004], "沙坪坝区":[106.45374799977,29.54356799966], "连云港":[119.21607000023,34.59776499966], "梁平区":[107.79934499997,30.67675800008], "大足区":[105.71804999981,29.70966899992], "镇江":[119.45142399972,32.20218100035], "扬州":[119.40797199961,32.39564299972], "忠县":[108.03311400011,30.30269800011], "渝北区":[106.62731499989,29.72105199965], "菏泽":[115.47477900015,35.23392500044], "泸州":[105.4389730003,28.87472900004], "大兴":[116.33530099984,39.7255059998], "临沂":[118.35071099961,35.10504900001], "达州":[107.46323900018,31.21076899999], "巴中":[106.74070300014,31.86734699986], "青岛":[120.37785399996,36.06596000035], "地区待确认":[84.553648,44.1237], "绵阳":[104.67640899978,31.46972100042], "南充":[106.10670600018,30.83958200031], "德阳":[104.39521299968,31.12892800033], "泰安":[117.08234000029,36.19968599961], "海淀":[116.29238400012,39.95807899965], "潍坊":[119.15586099988,36.70640199985], "遂宁":[105.58932099986,30.53538199968], "凉山":[106.757469,21.845612], "攀枝花":[101.71713000045,26.58583399964], "甘孜":[99.99139399963,31.62523900008], "宜宾":[104.64077200033,28.75515999983], "雅安":[103.01141599965,29.98318200005], "广元":[105.84462000001,32.43629100003], "青浦":[121.11966100016,31.15168000003], "丰台":[116.28019099992,39.85734500017], "嘉定":[121.26176700005,31.37678099974], "顺义":[116.64866699958,40.12964600016], "朝阳":[120.44509599998,41.57116400002], "内江":[105.05521700016,29.58272599961], "广安":[106.62943499963,30.45873799956], "资阳":[104.62545800009,30.13137700015], "济南":[116.98912799966,36.66505399964], "乐山":[103.7631699999,29.5549599998], "济宁":[116.58194099998,35.41503600041], "聊城":[115.97963400001,36.45694600026], "黄浦":[121.48010700004,31.23357699958], "枣庄":[117.31771699994,34.81089799964], "地区待确认":[84.553648,44.1237], "淄博":[118.0487279996,36.81258100041], "滨州":[117.9648579999,37.38122700033], "成都":[104.06226900001,30.66112300033], "石柱县":[108.107792,29.99838], "杨浦":[121.5213109999,31.2620260003], "漳州":[117.64247299973,24.51645999973], "厦门":[118.08449799978,24.48215799979], "东城":[116.41012499967,39.92714500034], "日照":[119.52174300044,35.41673599967], "门头沟":[116.09513200044,39.93907800025], "奉贤":[121.46956599957,30.91998500021], "石景山":[116.2169229997,39.9044549999], "武隆区":[107.755504,29.328228], "西城":[116.35973599982,39.91089900029], "地区待确认":[84.553648,44.1237], "德州":[116.35337399961,37.43463399996], "河池":[108.08114600009,24.69566499994], "唐山":[118.17428099967,39.6291550001], "玉林":[110.16001399985,22.63906199991], "防城港":[108.35002999989,21.68961300024], "柳州":[109.41090300007,24.32811599985], "泉州":[118.58264200043,24.91043499988], "烟台":[121.44246699995,37.46259999999], "眉山":[103.84643799971,30.07833300017], "南宁":[108.36257099995,22.81908700016], "大庆":[125.09731699958,46.58765000025], "大连":[121.60981400012,38.91291199979], "黑河":[127.52121000034,50.24358500045], "锦州":[121.12138399957,41.09309299964], "辽阳":[123.16776899964,41.26733300022], "朝阳市":[120.44509599998,41.57116400002], "三亚":[109.51325999975,18.23791900006], "丹东":[124.37925399987,40.12540799988], "阿坝州":[103.450568,30.61942], "东方":[108.64824899989,19.09724100017], "长治":[113.11129499996,36.19512399967], "临汾":[111.51272900004,36.08804499988], "运城":[111.00119699984,35.02703100038], "太原":[112.54434399998,37.87004299978], "晋中":[112.74625499957,37.68632700019], "阳泉":[113.5740520001,37.85616300002], "临高县":[109.68660599957,19.91454799989], "吕梁":[111.13778000045,37.51905900007], "定安县":[110.35468600016,19.68298399981], "朔州":[112.42598799995,39.33036900003], "中卫":[105.19296899982,37.49968699976], "白银":[104.13488599969,36.54459000043], "陇南":[104.91901900023,33.40242100003], "宁东管委会":[106.55248,38.231608], "银川":[106.22806100002,38.4859609997], "安顺":[105.94424899979,26.25660699961], "兴安盟乌兰浩特":[122.0869470004,46.0707669997], "赤峰":[118.88294500031,42.25640799983], "包头":[109.83452899971,40.65620099978], "固原":[106.238377,36.01596199965], "琼中县":[109.838448,19.038988], "日本":[133.28743,34.779806], "昌江县":[109.05192,19.283328], "英国":[-3.445833,55.00782], "斯里兰卡":[80.767097,7.874097], "金华":[119.6428820002,29.08110100031], "襄阳":[112.13916000003,32.04922099995], "意大利":[14.547259,41.293695], "柬埔寨":[104.98386,12.296333], "黔东南州":[107.904504,26.536], "黔西南州":[104.894992,25.08714], "马来西亚":[114.184383,4.109319], "阿联酋":[54.752602,24.356466], "尼泊尔":[84.127804,28.4032], "加拿大":[-96.818146,62.40946], "德国":[10.452764,51.165707], "法国":[2.209667,46.215792], "菲律宾":[120.154879,15.618222], "地区待确认":[84.553648,44.1237], "瑞典":[17.575,62.199806], "地区待确认":[84.553648,44.1237], "咸宁":[114.31704900031,29.84373499957], "黄石":[115.03352200044,30.20196299969], "湖州":[120.08189499985,30.89632099981], "天门":[113.16010099966,30.66572000008], "舟山":[122.20361700003,29.98778299999], "荆州":[112.23374400009,30.33750399991], "芜湖":[118.42781400022,31.35400699992], "黄山":[118.33386399972,29.71777300042], "益阳":[112.34951399957,28.55735799997], "常德":[111.69294199997,29.03460800026], "长沙":[112.93341899989,28.23128999993], "神农架":[110.5892,31.75198], "衡阳":[112.56670799977,26.89681199987], "黔江区":[108.76663100022,29.53596499978], "吉安":[114.98878599957,27.117183], "湛江":[110.35486799956,21.2732199996], "淮南":[116.99437299961,32.6276100004], "巫溪县":[109.56540300045,31.40089400016], "上饶":[117.93859300007,28.45804000015], "萍乡":[113.8491290004,27.62607499986], "六安":[116.51461200044,31.73682900016], "淮北":[116.7929340002,33.95621200018], "梅州":[116.1178050001,24.29106099977], "中山":[113.38712199978,22.51864200003], "威海":[122.11655699981,37.51249999978], "淮安":[119.01011400026,33.61167800024], "外地来京":[116.36804,39.928432], "无锡":[120.30773600042,31.49319500015], "马鞍山":[118.50134199963,31.6724419996], "泰州":[119.9183250003,32.45712999965], "宿迁":[118.26998900029,33.9632849999],